[
    {
        
        "thoughtText" : "molestiae dicta voluptas ut iusto et hic nam", 
        "username" : "Jody.Eichmann", 
        "reactions" : [ 
            {
                "reactionBody" : "non exercitationem consequatur temporibus quia dicta id earum molestias voluptatibus et ut quia officiis dignissimos ex maxime sit voluptatem", 
                "username" : "Tyree17"
            } 
        ] 
    },
    {
        "thoughtText" : "sapiente illo animi non et molestiae et blanditiis adipisci aut ut dolore", 
        "username" : "Shyann.Crist57", 
        "reactions" : [ ] 
    },
    {
        "thoughtText" : "et ea non ut occaecati quasi ullam", 
        "username" : "Elton_Heaney", 
        "reactions" : [ 
            {
                "reactionBody" : "praesentium id ratione quisquam voluptatibus rerum ut et assumenda", 
                "username" : "Annabelle79" 
            }
     ] 
    },
    {
        "thoughtText" : "nam assumenda dolorum est sint eum qui dolorem", 
        "username" : "Donny21", 
        "reactions" : [ ] 
    },
    {
        "thoughtText" : "architecto et eos ut odio repudiandae", 
        "username" : "Ayana.Bogisich", 
        "reactions" : [ ] 
    },
    {
        "thoughtText" : "voluptas quis voluptates et laborum est facere et quia quasi cupiditate dolorem", 
        "username" : "Fern.Schiller", 
        "reactions" : [ 
            {
                "reactionBody" : "facilis et ipsum", 
                "username" : "Gianni_Kiehn14" 
            },
            {
                "reactionBody" : "qui non aut nam porro cum repellendus a et ab laboriosam autem error ut ex incidunt sed consequatur autem", 
                "username" : "Natasha_Beier59" 
            }
     ] 
    },
    {
        "thoughtText" : "nisi rerum quae dolores dolorum quod qui quos commodi dignissimos sapiente eius rem vero", 
        "username" : "Osbaldo.Jerde", 
        "reactions" : [ 
            {
                "reactionBody" : "id ab in qui dolorem at rerum eos enim officia reiciendis voluptatem porro", 
                "username" : "Dwight.Reilly" 
            }
     ] 
    },
    {
        "thoughtText" : "officia ex", 
        "username" : "Mona_Hilll", 
        "reactions" : [ ] 
    },
    {
        "thoughtText" : "harum cum molestias sint aperiam natus saepe sit dolorem omnis minima", 
        "username" : "Donny21", 
        "reactions" : [ ] 
    },
    {
        "thoughtText" : "itaque distinctio sunt et autem saepe non officia consequuntur qui sit nesciunt rerum porro corrupti possimus praesentium voluptas dolore", 
        "username" : "Dee_Bogisich", 
        "reactions" : [ ] 
    },
    {
        "thoughtText" : "labore omnis ut exercitationem", 
        "username" : "Natasha_Beier59", 
        "reactions" : [ 
            {
                "reactionBody" : "possimus at et rerum et voluptatum ab", 
                "username" : "Vladimir_Block" 
            }
     ] 
    },
    {
        "thoughtText" : "velit eum illo consequatur eos aliquam consequuntur", 
        "username" : "Ora46", 
        "reactions" : [ 
            {
                "reactionBody" : "qui voluptatum nobis molestiae corrupti repellat fugit", 
                "username" : "Colt.Windler" 
            },
            {
                "reactionBody" : "eum quos aspernatur nisi vitae tempora officia eius modi et", 
                "username" : "Gianni_Kiehn14" 
            }
     ] 
    },
    {
        "thoughtText" : "aut reiciendis numquam repudiandae amet natus nobis officia sint debitis distinctio est molestiae", 
        "username" : "Ora46", 
        "reactions" : [ 
            {
                "reactionBody" : "optio sed praesentium", 
                "username" : "Dee_Bogisich" 
            },
            {
                "reactionBody" : "debitis qui aut odit sit eius atque neque vel accusantium qui dolorum consequatur eaque officiis ullam eum aliquam recusandae", 
                "username" : "Dee_Bogisich" 
            }
     ] 
    },
    {
        "thoughtText" : "blanditiis voluptas ipsum vitae ab dicta", 
        "username" : "Jody.Eichmann", 
        "reactions" : [ 
            {
                "reactionBody" : "pariatur exercitationem aut et nam est rerum rem eos", 
                "username" : "Elton_Heaney" 
            }
     ] 
    },
    {
        "thoughtText" : "commodi nostrum porro itaque in ducimus aut aut earum voluptatem repudiandae rerum cupiditate aut quibusdam", 
        "username" : "Molly48", 
        "reactions" : [ {"reactionBody" : "eaque et quis illo sit vel et nam aut in necessitatibus fuga cupiditate vitae rem natus culpa soluta", "username" : "Rosario.Howe" }
        , {"reactionBody" : "velit itaque sed beatae omnis velit illo nam cupiditate ab ipsa quidem enim quia voluptas laudantium dignissimos libero", "username" : "Jaron98" }
        , {"reactionBody" : "et explicabo eius unde et voluptatem a ea provident expedita saepe at omnis velit voluptatem excepturi voluptatem iste voluptatem", "username" : "Jaron98" }
     ] 
    },
    {
        "thoughtText" : "animi mollitia molestiae repudiandae hic et nam dolorem ullam ut perferendis vitae enim labore ullam at non aut suscipit", 
        "username" : "Donny21", 
        "reactions" : [ ] 
    },
    {
        "thoughtText" : "dolores molestias vel deleniti vitae amet recusandae animi ipsa doloribus omnis quidem eligendi tempore et a et officiis fuga laboriosam", 
        "username" : "Daija.Rempel", 
        "reactions" : [ {"reactionBody" : "expedita et qui at qui est dolor rerum dicta rem accusantium consequatur earum non qui illo magnam accusamus consequuntur", "username" : "Molly48" }
     ] 
    },
    {
        "thoughtText" : "sint sunt delectus voluptatibus et occaecati maiores sit neque magni id nulla architecto", 
        "username" : "Dee_Bogisich", 
        "reactions" : [ {"reactionBody" : "quas facere exercitationem omnis eveniet occaecati explicabo quidem est veniam", "username" : "Donny21" }
     ] 
    },
    {
        "thoughtText" : "neque harum placeat sit occaecati et similique ut totam quos", 
        "username" : "Gia56", 
        "reactions" : [ {"reactionBody" : "exercitationem voluptas in", "username" : "Sammy.Kassulke74" }
     ] 
    },
    {
        "thoughtText" : "assumenda doloribus voluptate odio non odit", 
        "username" : "Mona_Hilll", 
        "reactions" : [ {"reactionBody" : "consequatur est blanditiis voluptate quam minima eos molestiae architecto non consequuntur quia eum", "username" : "Molly48" }
        , {"reactionBody" : "ea voluptatum aliquid voluptatem iure dignissimos consectetur quos dolorem optio in repudiandae nisi", "username" : "Gia56" }
        , {"reactionBody" : "consectetur et in voluptatem earum quia et voluptas magni", "username" : "Joshuah.Morissette" }
     ] 
    },
    {
        "thoughtText" : "vel accusantium quasi", 
        "username" : "Donny21", 
        "reactions" : [ ] 
    },
    {
        "thoughtText" : "fugiat ut eum aut minima perferendis deleniti consectetur dolorem commodi veniam iusto soluta tempora molestiae sit quae ut voluptatem", 
        "username" : "Chanel_Windler", 
        "reactions" : [ {"reactionBody" : "est quis autem quo ea voluptatem modi dolorum tenetur voluptatem deleniti fugit ex veniam corporis magni", "username" : "Freida_Yost93" }
        , {"reactionBody" : "voluptas dolores ut rerum dignissimos sequi nulla sed tempora quia eum rerum aut eos earum laboriosam aut", "username" : "Tyree17" }
        , {"reactionBody" : "ab nobis accusamus est rerum impedit et rerum sit impedit veniam ab molestias modi omnis quis et dolores repudiandae nihil", "username" : "Gianni_Kiehn14" }
     ] 
    },
    {
        "thoughtText" : "eos dolor suscipit consequatur perspiciatis commodi ratione laborum nobis quas est saepe culpa alias eveniet et quae ullam culpa", 
        "username" : "Colt.Windler", 
        "reactions" : [ ] 
    },
    {
        "thoughtText" : "occaecati excepturi dignissimos dolorem nemo error ad voluptatibus labore labore", 
        "username" : "Kaley35", 
        "reactions" : [ {"reactionBody" : "aperiam temporibus ut officia magni rerum animi id quam debitis voluptatem in voluptatem quas omnis quisquam ab", "username" : "Fern.Schiller" }
     ] 
    },
    {
        "thoughtText" : "dolorum eum alias facere reprehenderit eligendi qui eum sed placeat", 
        "username" : "Josue67", 
        "reactions" : [ {"reactionBody" : "libero laboriosam placeat mollitia ut earum quidem praesentium nisi", "username" : "Eldridge42" }
     ] 
    },
    {
        "thoughtText" : "et ipsam", 
        "username" : "Madge.Feil", 
        "reactions" : [ {"reactionBody" : "reprehenderit illo quibusdam quas sint reiciendis illum aut numquam occaecati molestias nihil voluptas provident occaecati accusantium sed esse", "username" : "Jaron98" }
     ] 
    },
    {
        "thoughtText" : "maxime sequi molestiae nam vitae inventore cumque aliquam repudiandae culpa perspiciatis rerum dolorem et voluptatem rem tempora architecto architecto id", 
        "username" : "Kiel_Ullrich", 
        "reactions" : [ ] 
    },
    {
        "thoughtText" : "nisi aperiam consequuntur aut quis", 
        "username" : "Jacinto_Farrell", 
        "reactions" : [ {"reactionBody" : "tempora", "username" : "Kory_Roob" }
     ] 
    },
    {
        "thoughtText" : "dolorum aut tempora sit vero iure architecto veniam qui praesentium impedit tempore laudantium temporibus", 
        "username" : "Lessie_Kautzer61", 
        "reactions" : [ {"reactionBody" : "cupiditate rerum earum nulla dolores accusantium recusandae in totam provident omnis cumque et labore consequatur aspernatur nemo sapiente sed", "username" : "Rashawn93" }
        , {"reactionBody" : "itaque delectus aut et maiores eius", "username" : "Gia56" }
     ] 
    },
    {
        "thoughtText" : "modi numquam et laborum non voluptas maiores exercitationem dignissimos iste omnis deleniti beatae doloremque quidem", 
        "username" : "Meagan_Cummings36", 
        "reactions" : [ {"reactionBody" : "provident deserunt id id dolores voluptatibus ipsum omnis mollitia fugiat sint rerum quis quia qui", "username" : "Jaron98" }
     ] 
    },
    {
        "thoughtText" : "quam quibusdam consequuntur alias eveniet perferendis ipsum et quos", 
        "username" : "Mervin2", 
        "reactions" : [ {"reactionBody" : "quibusdam assumenda aut dolore illo voluptatum", "username" : "Reggie_Lang" }
     ] 
    },
    {
        "thoughtText" : "ullam eius harum maiores occaecati explicabo ipsum sit debitis tempore magni placeat eos eaque id ex doloremque iure", 
        "username" : "Lessie_Kautzer61", 
        "reactions" : [ ] 
    },
    {
        "thoughtText" : "voluptatem voluptas id dignissimos dolor consequuntur placeat natus ex totam enim", 
        "username" : "Colt.Windler", 
        "reactions" : [ ] 
    },
    {
        "thoughtText" : "reprehenderit omnis", 
        "username" : "Damion87", 
        "reactions" : [ {"reactionBody" : "deserunt tenetur quae distinctio earum nesciunt rem aut quia est quo ut", "username" : "Donny21" }
        , {"reactionBody" : "distinctio aut non accusamus nisi omnis accusantium sit facilis", "username" : "Katlyn85" }
     ] 
    },
    {
        "thoughtText" : "fugit praesentium voluptatem dolorum soluta rerum qui illum magni dolorem quo ducimus repellat illo tenetur consequatur", 
        "username" : "Berta.Schmeler15", 
        "reactions" : [ {"reactionBody" : "cumque itaque quas voluptatem repellat quia eius quod ut minus", "username" : "Dwight.Reilly" }
        , {"reactionBody" : "et quibusdam temporibus facilis non sequi deleniti neque id voluptates", "username" : "Shanelle_Hermann38" }
     ] 
    },
    {
        "thoughtText" : "est sint tempore vel natus fuga sunt dolores quam error quis quis", 
        "username" : "Chanel_Windler", 
        "reactions" : [ {"reactionBody" : "molestias voluptas aut", "username" : "Taylor.Wolff" }
     ] 
    },
    {
        "thoughtText" : "molestias laboriosam dolorem non dolore maxime aut esse velit sint animi exercitationem eaque dolores repudiandae", 
        "username" : "Daija.Rempel", 
        "reactions" : [ ] 
    },
    {
        "thoughtText" : "qui inventore soluta porro blanditiis consequatur ut ullam sed facilis fugit similique deleniti dolore voluptatibus atque et ea", 
        "username" : "Jacinto_Farrell", 
        "reactions" : [ {"reactionBody" : "iure et cum harum nam odio dolor", "username" : "Natasha_Beier59" }
     ] 
    },
    {
        "thoughtText" : "quam perspiciatis deleniti aliquam ut assumenda velit eos sapiente est magnam pariatur aspernatur ex nulla", 
        "username" : "Annabelle79", 
        "reactions" : [ {"reactionBody" : "laborum quos consequuntur error explicabo quidem tempora deserunt", "username" : "Josue67" }
     ] 
    },
    {
        "thoughtText" : "consequatur consectetur molestias aut possimus accusamus tenetur consequatur aut numquam sed voluptas dolorem aut ad qui", 
        "username" : "Alta.Kemmer20", 
        "reactions" : [ ] 
    },
    {
        "thoughtText" : "modi voluptatem mollitia", 
        "username" : "Alta.Kemmer20", 
        "reactions" : [ {"reactionBody" : "voluptatum minus ipsum sint", "username" : "Berta.Schmeler15" }
     ] 
    },
    {
        "thoughtText" : "et sint aut iure id harum aut voluptas nesciunt et sunt accusamus eos a quaerat reprehenderit aliquam provident aut", 
        "username" : "Ayana.Bogisich", 
        "reactions" : [ {"reactionBody" : "a ipsa a et", "username" : "Josue67" }
     ] 
    },
    {
        "thoughtText" : "sit voluptas deserunt numquam quia et reprehenderit quia enim ducimus", 
        "username" : "Shyann.Crist57", 
        "reactions" : [ {"reactionBody" : "repudiandae atque", "username" : "Rosario.Howe" }
        , {"reactionBody" : "earum est maxime minus et", "username" : "Damien_Ullrich" }
     ] 
    },
    {
        "thoughtText" : "quam vero et non nulla porro magnam laborum maxime velit distinctio eum", 
        "username" : "Madge.Feil", 
        "reactions" : [ {"reactionBody" : "officia magni quia", "username" : "Delbert.Cruickshank5" }
     ] 
    },
    {
        "thoughtText" : "est occaecati dolorem", 
        "username" : "Freida_Yost93", 
        "reactions" : [ ] 
    },
    {
        "thoughtText" : "nobis dignissimos in nihil architecto dolores commodi dolor consequatur dolorem dolore quia incidunt odit et aliquid est reprehenderit ea esse rerum", 
        "username" : "Lessie_Kautzer61", 
        "reactions" : [ {"reactionBody" : "a sequi rerum consequuntur et deserunt quaerat dolores perspiciatis nihil quos", "username" : "Molly48" }
     ] 
    },
    {
        "thoughtText" : "ea quos possimus temporibus aut natus modi modi impedit sunt et", 
        "username" : "Katlyn85", 
        "reactions" : [ {"reactionBody" : "facere numquam fuga labore ea error nobis animi dolor tempora sunt quisquam ipsa aut quis alias numquam est maiores", "username" : "Ora46" }
     ] 
    },
    {
        "thoughtText" : "delectus", 
        "username" : "Jody.Eichmann", 
        "reactions" : [ {"reactionBody" : "qui eos velit quas ut optio reiciendis", "username" : "Mervin2" }
     ] 
    },
    {
        "thoughtText" : "beatae cum hic laborum non molestias dolores voluptas enim non quis facere aut voluptatem totam laborum", 
        "username" : "Delbert.Cruickshank5", 
        "reactions" : [ {"reactionBody" : "ad distinctio expedita mollitia dignissimos sunt eveniet mollitia corporis dicta ea cumque nostrum", "username" : "Dwight.Reilly" }
     ] 
    },
    {
        "thoughtText" : "cum id et dolores nobis et repellat ratione rerum dolores animi recusandae nesciunt veniam odio molestiae unde voluptatem accusantium vel", 
        "username" : "Rosario.Howe", 
        "reactions" : [ {"reactionBody" : "officia qui culpa asperiores sed dolore quam voluptatibus labore incidunt eum error aliquid et quo", "username" : "Daija.Rempel" }
     ] 
    },
    {
        "thoughtText" : "dicta sint sed maiores velit", 
        "username" : "Kaley35", 
        "reactions" : [ {"reactionBody" : "rerum officiis atque", "username" : "Ora46" }
        , {"reactionBody" : "fugiat et officiis vel nulla quia", "username" : "Anjali5" }
        , {"reactionBody" : "deleniti dignissimos odit et", "username" : "Alice_Simonis" }
        , {"reactionBody" : "et rerum omnis amet aliquid cupiditate molestias beatae", "username" : "Dee_Bogisich" }
     ] 
    },
    {
        "thoughtText" : "delectus similique cupiditate repudiandae qui ut quam totam ad doloremque sunt quis consequatur velit repellendus", 
        "username" : "Gianni_Kiehn14", 
        "reactions" : [ ] 
    },
    {
        "thoughtText" : "ipsam", 
        "username" : "Taylor.Wolff", 
        "reactions" : [ ] 
    },
    {
        "thoughtText" : "corporis autem voluptatibus veniam dolorem sit nemo inventore ipsam dolor doloremque dicta cum quidem laboriosam rem cupiditate similique molestiae", 
        "username" : "Eldridge42", 
        "reactions" : [ ] 
    },
    {
        "thoughtText" : "unde est earum magni placeat", 
        "username" : "Alta.Kemmer20", 
        "reactions" : [ ] 
    },
    {
        "thoughtText" : "cum omnis quidem et sunt perferendis est quidem qui qui perspiciatis esse est eos totam", 
        "username" : "Kiel_Ullrich", 
        "reactions" : [ ] 
    },
    {
        "thoughtText" : "numquam ut sed itaque recusandae est cum minima perferendis voluptas rem et consequuntur culpa assumenda maxime", 
        "username" : "Rosario.Howe", 
        "reactions" : [ {"reactionBody" : "numquam sunt ducimus excepturi impedit in facere ut amet perspiciatis et blanditiis quidem minima eum porro ut iure sed laborum amet", "username" : "Dee_Bogisich" }
        , {"reactionBody" : "nihil sunt beatae qui libero maxime cum optio", "username" : "Vladimir_Block" }
     ] 
    },
    {
        "thoughtText" : "ut in", "username" : "Ora46", 
        "reactions" : [ {"reactionBody" : "illum rerum quo non rerum dicta consequatur optio quis nobis facere et illo quam aliquam perferendis ratione voluptatem veritatis", "username" : "Delbert.Cruickshank5" }
        , {"reactionBody" : "ea soluta quasi sit voluptas non minus inventore", "username" : "Kory_Roob" }
     ] 
    },
    {
        "thoughtText" : "sunt assumenda dolor", "username" : "Mona_Hilll", 
        "reactions" : [ {"reactionBody" : "odit dolorem voluptas quasi quo est quo voluptatem rerum", "username" : "Vladimir_Block" }
     ] 
    },
    {
        "thoughtText" : "magnam consequatur dolore dolores nisi porro magnam quasi et qui dolores recusandae sit enim repudiandae", "username" : "Molly48", 
        "reactions" : [ ] 
    },
    {
        "thoughtText" : "eos et aut deserunt dolorem unde sunt qui", "username" : "Damion87", 
        "reactions" : [ {"reactionBody" : "non laudantium", "username" : "Dee_Bogisich" }
        , {"reactionBody" : "optio ex esse eaque omnis enim voluptatum illo autem sunt earum qui sit voluptatem facere voluptatem labore architecto illo odio voluptas", "username" : "Dee_Bogisich" }
     ] 
    },
    {
        "thoughtText" : "sit eveniet", "username" : "Natasha_Beier59", 
        "reactions" : [ ] 
    },
    {
        "thoughtText" : "in sed alias vel sit porro rem perferendis neque occaecati esse ea voluptatem consequatur asperiores tempore", "username" : "Shyann.Crist57", 
        "reactions" : [ ] 
    },
    {
        "thoughtText" : "voluptate distinctio consequuntur enim quod debitis pariatur iste harum nulla sit sed", "username" : "Anjali5", 
        "reactions" : [ {"reactionBody" : "magnam voluptatem inventore repudiandae qui quo placeat sed maiores odit provident tempora atque necessitatibus vel rerum molestiae odio placeat", "username" : "Delbert.Cruickshank5" }
     ] 
    },
    {
        "thoughtText" : "iure ipsam non est modi cupiditate eaque et", "username" : "Delbert.Cruickshank5", 
        "reactions" : [ ] 
    },
    {
        "thoughtText" : "consequuntur minus commodi et et molestiae officia in aliquid ipsam laborum incidunt vel nisi id nisi voluptate", "username" : "Shanelle_Hermann38", 
        "reactions" : [ {"reactionBody" : "pariatur nobis aut quaerat", "username" : "Molly48" }
     ] 
    },
    {
        "thoughtText" : "quis qui et excepturi dolor est sit aperiam incidunt et excepturi itaque repellendus", "username" : "Tomas93", 
        "reactions" : [ ] 
    },
    {
        "thoughtText" : "ut sapiente expedita facilis fugiat ducimus aut doloremque eius", "username" : "Molly48", 
        "reactions" : [ {"reactionBody" : "quia velit ut et nam illo temporibus", "username" : "Ayana.Bogisich" }
     ] 
    },
    {
        "thoughtText" : "illum et vitae enim ut maiores odit tenetur numquam ut enim modi repudiandae possimus enim excepturi asperiores asperiores eum", "username" : "Madge.Feil", 
        "reactions" : [ {"reactionBody" : "non hic consectetur et laboriosam", "username" : "Anjali5" }
        , {"reactionBody" : "at magnam dolor voluptatem aspernatur nobis et numquam quibusdam incidunt commodi occaecati nemo non exercitationem laudantium esse eos asperiores dolore", "username" : "Dwight.Reilly" }
     ] 
    },
    {
        "thoughtText" : "et illum placeat nulla laborum sapiente eum omnis quo ullam voluptas quas similique laborum ea", "username" : "Gianni_Kiehn14", 
        "reactions" : [ ] 
    },
    {
        "thoughtText" : "sequi doloremque aut recusandae voluptate explicabo quo error repudiandae nostrum vero vel et deleniti sit consequatur qui similique", "username" : "Molly48", 
        "reactions" : [ {"reactionBody" : "corporis qui porro commodi rerum et veritatis qui placeat sunt et amet laudantium dolorem molestiae modi mollitia", "username" : "Ayana.Bogisich" }
     ] 
    },
    {
        "thoughtText" : "pariatur est repellendus qui quis ab quasi voluptatum nesciunt laboriosam qui quibusdam praesentium non sunt consequatur", "username" : "Jaron98", 
        "reactions" : [ {"reactionBody" : "facere perspiciatis minus distinctio delectus eum nam molestiae reprehenderit delectus est laboriosam voluptas et", "username" : "Josue67" }
        , {"reactionBody" : "aut delectus fugiat quidem laborum ea officiis commodi enim", "username" : "Kaley35" }
        , {"reactionBody" : "vel est accusamus dolor autem fuga vero reiciendis", "username" : "Tomas93" }
     ] 
    },
    {
        "thoughtText" : "tenetur ex delectus est eligendi voluptas quia", "username" : "Alice_Simonis", 
        "reactions" : [ {"reactionBody" : "facere blanditiis cupiditate adipisci autem debitis iste optio", "username" : "Eldridge42" }
        , {"reactionBody" : "commodi omnis ullam veniam neque ipsam occaecati voluptas dignissimos cupiditate possimus animi molestias accusantium in", "username" : "Reggie_Lang" }
        , {"reactionBody" : "odit modi dolor impedit consectetur minima ex culpa", "username" : "Rashawn93" }
     ] 
    },
    {
        "thoughtText" : "rerum nemo fuga quod voluptatem vitae est praesentium qui non minus voluptatem quae in porro porro est voluptas optio harum", "username" : "Jacinto_Farrell", 
        "reactions" : [ {"reactionBody" : "saepe voluptas fuga voluptates repudiandae dignissimos nobis eligendi beatae quibusdam molestiae ipsam voluptates id consequatur minima neque ut", "username" : "Dwight.Reilly" }
        , {"reactionBody" : "sunt asperiores autem ea modi rerum nisi esse sint quaerat deserunt aut laboriosam ducimus blanditiis accusantium incidunt sunt consequuntur ad", "username" : "Lessie_Kautzer61" }
        , {"reactionBody" : "ex ut nisi aut ipsam expedita", "username" : "Ora46" }
     ] 
    },
    {
        "thoughtText" : "consequatur accusamus aut iste et voluptatibus omnis rem est corporis vero vel", "username" : "Donny21", 
        "reactions" : [ {"reactionBody" : "quisquam eum repudiandae possimus aut nulla sequi et sed modi quia ullam cupiditate ut placeat omnis unde cupiditate fugit magnam aut", "username" : "Kiel_Ullrich" }
     ] 
    },
    {
        "thoughtText" : "ad consectetur quas perspiciatis qui id eligendi vitae aut tenetur dolorem dolor tempora et vitae", "username" : "Osbaldo.Jerde", 
        "reactions" : [ ] 
    },
    {
        "thoughtText" : "laboriosam", "username" : "Annabelle79", 
        "reactions" : [ {"reactionBody" : "numquam exercitationem nostrum non", "username" : "Fern.Schiller" }
        , {"reactionBody" : "ad iure incidunt reiciendis inventore distinctio ut blanditiis aut dolores consequatur odio omnis impedit mollitia velit aut soluta sint et", "username" : "Annabelle79" }
     ] 
    },
    {
        "thoughtText" : "quae ipsum tenetur quis", "username" : "Fern.Schiller", 
        "reactions" : [ {"reactionBody" : "voluptatum molestiae debitis", "username" : "Osbaldo.Jerde" }
     ] 
    },
    {
        "thoughtText" : "libero quibusdam velit aperiam fugit itaque aliquam voluptates commodi quibusdam iure aspernatur", "username" : "Damien_Ullrich", 
        "reactions" : [ ] 
    },
    {
        "thoughtText" : "voluptatem", "username" : "Chanel_Windler", 
        "reactions" : [ {"reactionBody" : "ut nihil rerum voluptatibus saepe dolore harum perferendis velit ex aliquid officiis est asperiores et qui soluta et eum cupiditate", "username" : "Natasha_Beier59" }
     ] 
    },
    {
        "thoughtText" : "perferendis nihil rerum id repellat harum voluptas ducimus dolore minus", "username" : "Donny21", 
        "reactions" : [ {"reactionBody" : "sed totam molestiae praesentium praesentium esse commodi recusandae rerum impedit reprehenderit iusto", "username" : "Alta.Kemmer20" }
     ] 
    },
    {
        "thoughtText" : "et ducimus accusamus molestias rerum iure debitis", "username" : "Dwight.Reilly", 
        "reactions" : [ ] 
    },
    {
        "thoughtText" : "ducimus assumenda et non", "username" : "Ora46", 
        "reactions" : [ ] 
    },
    {
        "thoughtText" : "perspiciatis aperiam earum saepe ratione tenetur molestiae quo est dignissimos perferendis non ut commodi", "username" : "Shanelle_Hermann38", 
        "reactions" : [ {"reactionBody" : "porro mollitia assumenda sit architecto quia vel cum est vero sit rerum", "username" : "Rashawn93" }
        , {"reactionBody" : "laboriosam iusto fuga eum deserunt sed aut facilis iste est ut aut", "username" : "Taylor.Wolff" }
     ] 
    },
    {
        "thoughtText" : "quasi laudantium vero eveniet voluptatum velit voluptatum placeat dignissimos eveniet qui officiis asperiores laborum qui qui facere tempore", "username" : "Joshuah.Morissette", 
        "reactions" : [ {"reactionBody" : "et quia ducimus ullam qui quod corporis consequatur ut minima eos expedita tempora rerum est quas non", "username" : "Meagan_Cummings36" }
        , {"reactionBody" : "harum eaque rerum sapiente quaerat vel consequatur vel explicabo ratione earum natus aut nihil cum animi cupiditate animi quas pariatur minus", "username" : "Alice_Simonis" }
        , {"reactionBody" : "id optio eos sunt eos dignissimos similique quo quos vel et maxime ea est quo consequuntur fugit ad assumenda deleniti sapiente", "username" : "Rashawn93" }
        , {"reactionBody" : "labore quam et recusandae sed magni tenetur veritatis ut", "username" : "Freida_Yost93" }
        , {"reactionBody" : "enim ipsa dolore ullam enim vel commodi quo dolorem fuga inventore", "username" : "Donny21" }
     ] 
    },
    {
        "thoughtText" : "laborum officia eum sed totam enim ipsum dolorem", "username" : "Rosario.Howe", 
        "reactions" : [ {"reactionBody" : "et", "username" : "Taylor.Wolff" }
        , {"reactionBody" : "et cumque ab voluptatum praesentium velit earum voluptatem quae voluptatibus voluptas atque quia repellat aut sapiente enim quo repudiandae inventore", "username" : "Rosario.Howe" }
        , {"reactionBody" : "id sunt dolorum incidunt et voluptatem modi tempore quas veniam est consequuntur magni porro libero", "username" : "Shyann.Crist57" }
     ] 
    },
    {
        "thoughtText" : "praesentium amet voluptates nihil", "username" : "Rashawn93", 
        "reactions" : [ {"reactionBody" : "rerum non itaque aut cumque", "username" : "Chanel_Windler" }
     ] 
    },
    {
        "thoughtText" : "et porro aperiam consequatur ut ullam consequatur optio ducimus reiciendis hic ut in rerum nobis", "username" : "Delbert.Cruickshank5", 
        "reactions" : [ {"reactionBody" : "velit culpa velit dolorem molestiae eveniet consequatur adipisci voluptatem", "username" : "Kaley35" }
        , {"reactionBody" : "blanditiis", "username" : "Joshuah.Morissette" }
     ] 
    },
    {
        "thoughtText" : "id quibusdam omnis recusandae sunt veniam illum et aut suscipit molestias", "username" : "Osbaldo.Jerde", 
        "reactions" : [ ] 
    },
    {
        "thoughtText" : "quo sit et eos quia quo et", "username" : "Colt.Windler", 
        "reactions" : [ ] 
    },
    {
        "thoughtText" : "magni ut nulla debitis iste blanditiis cum dicta aspernatur totam nostrum cumque aliquam perspiciatis qui fugiat", "username" : "Kory_Roob", 
        "reactions" : [ ] 
    },
    {
        "thoughtText" : "alias et ex ut temporibus", "username" : "Dee_Bogisich", 
        "reactions" : [ ] 
    },
    {
        "thoughtText" : "rerum inventore enim suscipit similique voluptate accusantium nostrum facilis vel modi quidem consequatur molestias beatae error", "username" : "Katlyn85", 
        "reactions" : [ {"reactionBody" : "animi est cum sit quia assumenda", "username" : "Ora46" }
        , {"reactionBody" : "neque voluptatem ut autem est sed ut numquam", "username" : "Kiel_Ullrich" }
     ] 
    },
    {
        "thoughtText" : "eum totam qui quia similique asperiores sit ex fuga", "username" : "Gianni_Kiehn14", 
        "reactions" : [ ] 
    },
    {
        "thoughtText" : "dignissimos libero dolorem qui est aut laboriosam qui assumenda enim molestiae consequatur voluptatem sed dolor sunt veritatis totam officia assumenda", "username" : "Natasha_Beier59", 
        "reactions" : [ {"reactionBody" : "qui rerum veniam velit velit et sed repudiandae quod praesentium et dolor expedita nesciunt aliquam rem voluptate voluptatem est", "username" : "Damien_Ullrich" }
        , {"reactionBody" : "odit alias repellendus voluptas sunt consequatur et saepe aut ut quis asperiores mollitia sint adipisci suscipit doloremque qui quam sunt", "username" : "Alice_Simonis" }
     ] 
    },
    {
        "thoughtText" : "odio laborum assumenda debitis", "username" : "Daija.Rempel", 
        "reactions" : [ ] 
    },
    {
        "thoughtText" : "et omnis sed blanditiis ut eos", "username" : "Delbert.Cruickshank5", 
        "reactions" : [ {"reactionBody" : "qui explicabo error eum incidunt vel sit velit sit magnam quibusdam et et et dicta consequatur dignissimos aut est", "username" : "Chanel_Windler" }
     ] 
    },
    {
        "thoughtText" : "officia id aut consequatur incidunt reprehenderit natus eum tempora laudantium doloribus voluptatum", "username" : "Daija.Rempel", 
        "reactions" : [ {"reactionBody" : "exercitationem nobis dolore minima", "username" : "Lessie_Kautzer61" }
        , {"reactionBody" : "nemo et qui consequatur incidunt qui sunt tenetur possimus exercitationem cum repudiandae architecto ab enim ut blanditiis officia possimus in", "username" : "Dee_Bogisich" }
     ] 
    },
    {
        "thoughtText" : "ex id occaecati itaque aut sunt earum dignissimos aliquam odit est quia totam autem et qui consequatur provident quae", "username" : "Madge.Feil", 
        "reactions" : [ ] 
    },
    {
        "thoughtText" : "recusandae", "username" : "Bryana.Hackett", 
        "reactions" : [ ] 
    }
]