[
    { 
        "username" : "Molly48", 
        "email" : "Molly48_Waters59@hotmail.com", 
        "password" : "kGjRfUNWUIRwfS_", 
        "friends" : [], 
        "thoughts" : [] 
    },
    { 
        "username" : "Katlyn85", 
        "email" : "Katlyn8550@gmail.com", 
        "password" : "otK5YtXpcalD1cm", 
        "friends" : [], 
        "thoughts" : [] 
    },
    { 
        "username" : "Lessie_Kautzer61", 
        "email" : "Lessie_Kautzer61_Walker81@hotmail.com", 
        "password" : "AP3EUTRZoxzsiHn", 
        "friends" : [], 
        "thoughts" : [] 
    },
    { 
        "username" : "Elton_Heaney", 
        "email" : "Elton_Heaney.Kemmer6@yahoo.com", 
        "password" : "3dVgRgSQmrGLaQE", 
        "friends" : [], 
        "thoughts" : [] 
    },
    { 
        "username" : "Josue67", 
        "email" : "Josue6785@yahoo.com", 
        "password" : "BNsmR75BHDH4na3", 
        "friends" : [], 
        "thoughts" : [] 
    },
    { 
        "username" : "Jaron98", 
        "email" : "Jaron98_Will72@hotmail.com", 
        "password" : "vNVT_y10PBpVaUV", 
        "friends" : [], 
        "thoughts" : [] 
    },
    { 
        "username" : "Colt.Windler", 
        "email" : "Colt.Windler_Corwin@hotmail.com", 
        "password" : "bBDsrGqpDHI1YTa", 
        "thoughts" : [] 
    },
    { 
        "username" : "Berta.Schmeler15", 
        "email" : "Berta.Schmeler15_Hackett93@hotmail.com", 
        "password" : "_cbdQwR8Vjn4wBk", 
        "friends" : [], 
        "thoughts" : [] 
    },
    { 
        "username" : "Kaley35", 
        "email" : "Kaley35_Carroll@yahoo.com", 
        "password" : "OodrBk3d1t5Ddhb", 
        "friends" : [], 
        "thoughts" : [] 
    },
    { 
        "username" : "Bryana.Hackett", 
        "email" : "Bryana.Hackett94@yahoo.com", 
        "password" : "WZ3brF0TKThmwU8", 
        "friends" : [], 
        "thoughts" : [] 
    },
    { 
        "username" : "Madge.Feil", 
        "email" : "Madge.Feil_Fadel@yahoo.com", 
        "password" : "oKEuEU4FnlO4Efs", 
        "friends" : [], 
        "thoughts" : [] 
    },
    { 
        "username" : "Alta.Kemmer20", 
        "email" : "Alta.Kemmer20.Gibson@hotmail.com", 
        "password" : "q4PGoZonm_KnlU7", 
        "thoughts" : [] 
    },
    { 
        "username" : "Vladimir_Block", 
        "email" : "Vladimir_Block_Feil41@hotmail.com", 
        "password" : "q9AgUcyAQPmK5jJ", 
        "friends" : [] 
    },
    { 
        "username" : "Mona_Hilll", 
        "email" : "Mona_Hilll_Zemlak@hotmail.com", 
        "password" : "GkOySb7J56E0Hpz", 
        "friends" : [], 
        "thoughts" : [] 
    },
    { 
        "username" : "Alice_Simonis", 
        "email" : "Alice_Simonis8@gmail.com", 
        "password" : "ElVXqVGn9Tm_L38", 
        "friends" : [], 
        "thoughts" : [] 
    },
    { 
        "username" : "Ayana.Bogisich", 
        "email" : "Ayana.Bogisich.Stoltenberg@yahoo.com", 
        "password" : "IjiJJXVWzlfLwA9", 
        "thoughts" : [] 
    },
    { 
        "username" : "Annabelle79", 
        "email" : "Annabelle7973@hotmail.com", 
        "password" : "vhk6h6KQEJVC_kQ", 
        "thoughts" : [] 
    },
    { 
        "username" : "Tyree17", 
        "email" : "Tyree17_Tillman@yahoo.com", 
        "password" : "TLhhBXjOVGKWP43", 
        "friends" : [] 
    },
    { 
        "username" : "Eldridge42", 
        "email" : "Eldridge4262@yahoo.com", 
        "password" : "dcWBuw3ugFODuNy", 
        "friends" : [], 
        "thoughts" : [] 
    },
    { 
        "username" : "Natasha_Beier59", 
        "email" : "Natasha_Beier5944@hotmail.com", 
        "password" : "F5ikR9RByGAc0NQ", 
        "friends" : [], 
        "thoughts" : [] 
    },
    { 
        "username" : "Kory_Roob", 
        "email" : "Kory_Roob.Kuhic9@yahoo.com", 
        "password" : "tJzeZZghPa_trcS", 
        "friends" : [], 
        "thoughts" : [] 
    },
    { 
        "username" : "Gianni_Kiehn14", 
        "email" : "Gianni_Kiehn14_Weissnat@gmail.com", 
        "password" : "QWkEC6Ymn4AuZez", 
        "friends" : [], 
        "thoughts" : [] 
    },
    { 
        "username" : "Tomas93", 
        "email" : "Tomas93_Cremin@gmail.com", 
        "password" : "HO2t8WWmXMLfm2w", 
        "thoughts" : [] 
    },
    { 
        "username" : "Damion87", 
        "email" : "Damion87.Wuckert@yahoo.com", 
        "password" : "7tcyz7bT2N_iJCw", 
        "friends" : [], 
        "thoughts" : [] 
    },
    { 
        "username" : "Chanel_Windler", 
        "email" : "Chanel_Windler.Zemlak@gmail.com", 
        "password" : "zCIDszgLNEfQmfw", 
        "friends" : [], 
        "thoughts" : [] 
    },
    { 
        "username" : "Jody.Eichmann", 
        "email" : "Jody.Eichmann_Roberts19@hotmail.com", 
        "password" : "CG0IfJRxeSZSWyp", 
        "friends" : [], 
        "thoughts" : [] 
    },
    { 
        "username" : "Delbert.Cruickshank5", 
        "email" : "Delbert.Cruickshank5.Bradtke@gmail.com", 
        "password" : "7iP1wJfqcEe_pzC", 
        "friends" : [], 
        "thoughts" : [] 
    },
    { 
        "username" : "Reggie_Lang", 
        "email" : "Reggie_Lang_Dicki@gmail.com", 
        "password" : "1o6Y0JCF14gUa8k", 
        "friends" : [] 
    },
    { 
        "username" : "Meagan_Cummings36", 
        "email" : "Meagan_Cummings36_Kautzer@gmail.com", 
        "password" : "8O9Bf9KVfab3ESE", 
        "friends" : [], 
        "thoughts" : [] 
    },
    { 
        "username" : "Shanelle_Hermann38", 
        "email" : "Shanelle_Hermann38_OConner@hotmail.com", 
        "password" : "YttiqyjJmLDT8sB", 
        "friends" : [], 
        "thoughts" : [] 
    },
    { 
        "username" : "Mervin2", 
        "email" : "Mervin2_Wiegand@gmail.com", 
        "password" : "GeMHQHT_5EsQ0M5", 
        "friends" : [], 
        "thoughts" : [] 
    },
    { 
        "username" : "Joshuah.Morissette", 
        "email" : "Joshuah.Morissette.Kassulke@hotmail.com", 
        "password" : "BQEFz1GYs7m3jIq", 
        "friends" : [], 
        "thoughts" : [] 
    },
    { 
        "username" : "Jacinto_Farrell", 
        "email" : "Jacinto_Farrell88@yahoo.com", 
        "password" : "xaCR1hMqTRzepT4", 
        "friends" : [], 
        "thoughts" : [] 
    },
    { 
        "username" : "Dee_Bogisich", 
        "email" : "Dee_Bogisich.Homenick23@gmail.com", 
        "password" : "EmXl6mHAsnypmWd", 
        "friends" : [], 
        "thoughts" : [] 
    },
    { 
        "username" : "Taylor.Wolff", 
        "email" : "Taylor.Wolff_Kris@hotmail.com", 
        "password" : "pdYZXfGozzu3M4B", 
        "friends" : [], 
        "thoughts" : [] 
    },
    { 
        "username" : "Fern.Schiller", 
        "email" : "Fern.Schiller_Connelly48@yahoo.com", 
        "password" : "M9FrWjVKZzeVqSo", 
        "friends" : [], 
        "thoughts" : [] 
    },
    { 
        "username" : "Ora46", 
        "email" : "Ora463@gmail.com", 
        "password" : "hoNJMqtQaKwIaeI", 
        "friends" : [], 
        "thoughts" : [] 
    },
    { 
        "username" : "Freida_Yost93", 
        "email" : "Freida_Yost9389@hotmail.com", 
        "password" : "ojuHAc6AYmAsdWg", 
        "friends" : [], 
        "thoughts" : [] 
    },
    { 
        "username" : "Kiel_Ullrich", 
        "email" : "Kiel_Ullrich16@yahoo.com", 
        "password" : "34s9h7zFmWtHOZc", 
        "friends" : [], 
        "thoughts" : [] 
    },
    { 
        "username" : "Rosario.Howe", 
        "email" : "Rosario.Howe66@yahoo.com", 
        "password" : "YH8ri1dPVvs8ox5", 
        "friends" : [], 
        "thoughts" : [] 
    },
    { 
        "username" : "Dwight.Reilly", 
        "email" : "Dwight.Reilly.Krajcik52@gmail.com", 
        "password" : "9DJc9huo_AJBiMp", 
        "friends" : [], 
        "thoughts" : [] 
    },
    { 
        "username" : "Rashawn93", 
        "email" : "Rashawn9326@gmail.com", 
        "password" : "bTeZpJjVeCP2FLo", 
        "friends" : [], 
        "thoughts" : [] 
    },
    { 
        "username" : "Gia56", 
        "email" : "Gia56_Bahringer@yahoo.com", 
        "password" : "8Kkn76al7w7AMPC", 
        "friends" : [], 
        "thoughts" : [] 
    },
    { 
        "username" : "Damien_Ullrich", 
        "email" : "Damien_Ullrich_Turcotte5@gmail.com", 
        "password" : "SbRXNv9OfyhLfQa", 
        "friends" : [], 
        "thoughts" : [] 
    },
    { 
        "username" : "Osbaldo.Jerde", 
        "email" : "Osbaldo.Jerde13@yahoo.com", 
        "password" : "lxmC3cI7FDk4j5W", 
        "friends" : [], 
        "thoughts" : [] 
    },
    { 
        "username" : "Sammy.Kassulke74", 
        "email" : "Sammy.Kassulke74.Gottlieb56@hotmail.com", 
        "password" : "AQRM7ut47r8DcRx", 
        "friends" : [] 
    },
    { 
        "username" : "Shyann.Crist57", 
        "email" : "Shyann.Crist57.Mayer50@yahoo.com", 
        "password" : "sm0bZJCUaWqQs8k", 
        "thoughts" : [] 
    },
    { 
        "username" : "Anjali5", 
        "email" : "Anjali5.Bergnaum@yahoo.com", 
        "password" : "lPyRtzle1LjkjIe", 
        "friends" : [], 
        "thoughts" : [] 
    },
    { 
        "username" : "Daija.Rempel", 
        "email" : "Daija.Rempel_Schuster@yahoo.com", 
        "password" : "x5KHTb5d1x4DUtu", 
        "friends" : [], 
        "thoughts" : [] 
    },
    { 
        "username" : "Donny21", 
        "email" : "Donny2191@yahoo.com", 
        "password" : "gKbsfF3M9jeBRcH", 
        "friends" : [], 
        "thoughts" : [] 
    }
]